0	1	date
-119.796745	39.185760	10/01/1991
-94.148036	36.334145	7/1/1962
-92.966037	36.203334	7/2/1962
-83.459929	34.24863	7/3/1962
-94.513179	36.181117	7/4/1962
-92.439708	35.110687	7/5/1962
-92.275897	34.790476	7/6/1962
-92.72818	35.131691	7/7/1962
-89.579482	36.86933	7/8/1962
-94.977187	35.890855	7/9/1962
-92.465717	36.452566	7/10/1962
-95.60734	36.32548	7/11/1962
-94.310477	37.141918	7/12/1962
-92.649472	37.658495	7/13/1962
-91.860475	36.727714	7/14/1962
-94.356251	35.469947	7/15/1962
-94.394421	36.841485	7/16/1962
-91.21215	35.71028	7/17/1962
-90.408144	36.755411	7/18/1962
-93.749461	38.366172	7/19/1962
-92.146829	37.82642	7/20/1962
-95.319049	36.3062	7/21/1962
-92.0807	32.516689	7/22/1962
-92.11035	34.883828	7/23/1962
-91.884766	39.170871	7/24/1962
-94.914155	39.319931	7/25/1962
-91.546032	37.636087	7/26/1962
-94.85117	36.976639	7/27/1962
-92.185145	38.564489	7/28/1962
-89.953355	36.79946	7/29/1962
-94.632948	35.045605	7/30/1962
-93.259842	36.640851	7/31/1962
-93.788686	34.045389	8/1/1962
-94.099869	37.391323	8/2/1962
-96.558692	39.186668	8/3/1962
-90.524918	36.059925	8/4/1962
-90.435012	37.787944	8/5/1962
-94.800283	33.89552	8/6/1962
-94.705373	37.810235	8/7/1962
-92.454	39.43233	8/8/1962
-95.932435	36.739207	8/9/1962
-95.643001	37.033267	8/10/1962
-96.825073	39.021883	8/11/1962
-92.565568	38.333763	8/12/1962
-90.685164	35.821221	8/13/1962
-93.396757	37.594649	8/14/1962
-94.812222	35.44892	8/15/1962
-93.947829	36.915901	8/16/1962
-95.510044	34.010795	8/17/1962
-95.143509	36.63598	8/18/1962
-91.943907	38.86403	8/19/1962
-93.089517	34.493086	8/20/1962
-94.143611	36.167274	8/21/1962
-93.902379	35.141897	8/22/1962
-92.676769	36.962221	8/23/1962
-90.971722	36.07489	8/24/1962
-93.106773	35.278174	8/25/1962
-94.477694	37.07405	8/26/1962
-90.980646	38.97841	8/27/1962
-93.737229	38.779135	8/28/1962
-89.856079	35.928492	8/29/1962
-95.395139	35.957489	8/30/1962
-89.240636	35.592466	8/31/1962
-91.15795	38.221185	9/1/1962
-93.456641	35.44847	9/2/1962
-94.225727	34.58631	9/3/1962
-90.751552	35.244479	08/01/1973
-90.391083	38.212753	12/01/1973
-90.148524	35.154948	07/01/1974
-90.95828	36.248073	11/01/1973
-94.704909	37.433371	01/01/1974
-96.160018	35.98849	10/01/1974
-89.984357	35.697714	11/01/1973
-92.410009	31.366854	11/13/1984
-93.585117	36.377735	11/01/1973
-97.41592	30.599448	10/30/1979
-92.921458	37.336332	09/01/1973
-94.546108	37.084652	04/01/1974
-92.33425	38.937799	06/01/1973
-94.63366	35.817263	06/01/1973
-89.885699	37.722972	04/01/1974
-93.225167	33.226519	08/01/1974
-92.413473	35.127358	05/01/1974
-92.577651	34.581553	04/01/1974
-93.310875	37.24721	12/01/1973
-93.248095	32.627691	07/01/1974
-92.26275	37.149916	02/01/1974
-92.845464	37.935869	02/01/1974
-94.769081	36.57897	04/01/1974
-90.790971	35.029877	09/01/1974
-93.718573	36.947616	04/01/1974
-89.640142	35.583664	10/01/1974
-89.855783	35.390412	07/01/1974
-90.511653	37.872662	10/01/1974
-94.349423	38.588583	10/01/1974
-89.553434	35.747529	11/01/1974
-91.887364	32.777717	02/01/1975
-90.972254	38.433333	02/01/1976
-94.221623	36.368584	10/01/1974
-91.777317	37.939184	02/01/1976
-91.548729	34.479278	09/01/1974
-96.920932	35.384301	08/01/1975
-88.745002	35.872336	07/01/1974
-88.535216	34.908824	08/01/1974
-88.895748	36.514801	08/01/1974
-88.782561	36.324103	10/01/1974
-97.425418	35.854994	02/01/1975
-94.234316	39.75388	02/01/1975
-95.452631	37.653335	11/01/1975
-88.851806	33.441823	04/01/1975
-97.933058	35.051213	07/01/1975
-88.562734	34.676487	04/01/1975
-88.659436	33.631959	09/01/1976
-93.984754	32.857636	08/01/1975
-94.739572	34.022301	06/01/1975
-88.459403	33.967824	04/01/1976
-91.613941	35.764825	03/01/1976
-88.91491	35.841499	03/01/1976
-95.96181	35.608125	09/01/1975
-89.632978	37.364007	11/01/1975
-96.652692	35.246473	06/01/1975
-92.375747	34.670081	03/01/1975
-94.410748	35.327836	04/01/1975
-92.407155	34.747626	03/01/1976
-92.828072	34.385231	02/01/1976
-90.675056	35.806744	08/01/1978
-97.143036	34.153414	07/01/1975
-95.322847	35.770263	07/01/1975
-94.968192	33.136035	11/01/1975
-97.932608	35.848903	02/01/1976
-94.117647	33.659928	05/01/1976
-99.443183	35.411701	08/01/1976
-93.554045	39.777542	04/01/1976
-97.29936	36.81142	04/01/1976
-97.051458	36.123412	10/01/1976
-93.258547	37.239942	11/01/1977
-97.366159	35.029998	07/01/1976
-94.71564	31.358708	09/01/1976
-94.341961	35.348672	05/01/1976
-95.071379	33.611759	05/01/1976
-88.359032	36.866705	06/01/1976
-94.200566	36.052306	09/01/1976
-91.07074	39.433396	10/01/1976
-94.940109	32.746034	03/01/1976
-96.589689	33.707891	07/01/1976
-95.509797	33.661538	06/01/1976
-92.708368	32.227875	03/01/1977
-99.381687	36.414557	10/01/1976
-95.745164	34.913535	03/01/1977
-90.574939	38.154223	12/01/1976
-89.980849	34.832285	10/01/1976
-89.968554	34.624603	08/01/1977
-89.664318	36.19748	01/01/1977
-91.694259	35.250431	01/01/1977
-96.192354	33.592867	05/01/1977
-92.294135	38.956096	03/01/1977
-91.618789	36.25054	01/01/1977
-88.446906	36.001984	05/01/1977
-98.244438	35.057896	06/01/1977
-94.655301	31.649003	02/01/1977
-89.02213	34.250798	02/01/1977
-94.784436	32.159326	05/01/1977
-91.894033	37.259569	03/01/1977
-91.952974	33.136169	04/01/1977
-95.884116	36.293026	02/07/1978
-91.895726	34.795082	09/01/1977
-93.067716	31.752704	10/01/1977
-92.853593	33.585066	11/01/1977
-91.030836	38.546345	07/01/1977
-90.046548	37.985054	10/01/1977
-80.755079	28.394482	10/15/1985
-89.680555	35.0459	11/01/1977
-88.949519	34.722679	07/01/1977
-88.307303	36.283453	11/01/1977
-98.648058	36.797537	11/01/1977
-93.350579	37.182903	02/01/1977
-95.264717	31.953321	03/14/1978
-94.42351	33.448665	08/08/1978
-91.037917	33.405817	06/01/1979
-89.114342	33.175272	10/01/1977
-94.255951	39.038534	02/01/1978
-97.137213	33.641145	07/21/1993
-96.849791	37.882633	11/01/1977
-89.884439	37.831215	07/01/1977
-92.582368	40.214976	07/01/1977
-90.040789	36.236614	07/01/1977
-87.053601	35.596441	09/15/1981
-94.977095	29.749644	01/22/1985
-94.2633	39.331554	07/01/1977
-89.186425	37.73534	07/01/1977
-90.641222	40.458596	07/01/1977
-88.987588	38.622524	07/01/1977
-89.397723	40.157926	07/01/1977
-90.244319	39.723223	07/01/1977
-89.954797	38.514528	07/01/1977
-93.070888	39.790852	08/29/1978
-87.885889	37.110323	02/14/1978
-89.103355	32.771188	03/28/1978
-96.627313	33.222766	03/28/1978
-96.464213	36.317854	03/21/1978
-94.739412	37.006126	04/04/1978
-93.844736	35.502268	06/01/1978
-96.247637	35.072406	07/18/1978
-97.0988	32.007636	09/12/1978
-97.48443	35.220425	11/01/1977
-89.667248	39.182687	05/16/1978
-94.015091	30.905547	10/10/1978
-89.735503	33.471565	05/15/1979
-88.969827	37.74193	03/27/1979
-97.012005	33.045681	09/05/1978
-88.571497	35.139496	04/10/1979
-93.267125	38.709207	10/03/1978
-97.339667	32.529497	10/17/1978
-97.760235	35.49673	10/31/1978
-89.703527	38.140855	12/05/1978
-88.960256	38.312227	06/13/1978
-96.994754	34.506304	10/24/1978
-94.182678	33.113989	10/17/1978
-97.972644	35.510946	10/10/1978
-97.360422	32.360272	09/19/1978
-90.536864	35.690659	10/31/1978
-93.71448	35.291909	12/05/1978
-96.645828	34.781583	09/19/1978
-96.137671	34.370641	09/19/1978
-89.222618	37.463057	11/21/1978
-94.471038	39.22342	12/05/1978
-90.595304	36.411387	11/28/1978
-95.436583	31.316108	02/01/1979
-89.167463	37.354718	11/14/1978
-87.060804	35.204108	02/13/1979
-89.380071	32.97513	07/31/1979
-95.90001	33.257922	06/19/1979
-94.843616	38.694721	09/18/1979
-90.875475	38.813636	10/15/1980
-92.653644	31.936231	07/31/1979
-96.010725	36.368576	09/18/1979
-95.974971	35.439822	03/13/1979
-96.457597	31.685669	08/28/1979
-95.099342	30.335157	03/06/1979
-93.384076	38.242914	03/27/1979
-95.482294	32.688034	07/10/1979
-89.238858	38.02354	03/18/1980
-90.315406	39.104947	12/30/1986
-88.094511	38.739478	11/13/1979
-89.958252	38.777707	08/21/1979
-87.91782	37.682787	10/30/1979
-88.706773	34.314085	02/12/1980
-96.562685	32.853534	08/28/1979
-96.848818	32.386291	07/17/1979
-93.063281	34.455934	12/01/1981
-88.935069	37.993939	07/31/1979
-87.380157	36.062288	06/26/1979
-96.303092	32.737185	09/25/1979
-97.095407	32.931013	06/24/1980
-94.475182	37.13358	05/01/1980
-88.235245	35.202992	10/23/1979
-98.422383	34.619294	10/29/1979
-93.05554	32.800239	08/04/1981
-97.78748	33.470038	08/07/1979
-86.819722	35.947623	08/21/1979
-88.351989	34.186772	07/03/1979
-88.20244	34.804522	08/21/1979
-94.951247	30.711104	10/23/1979
-95.124472	35.253884	02/18/1981
-97.493206	35.31996	03/04/1980
-93.691677	32.52245	06/30/1981
-94.413202	34.047941	02/12/1980
-97.008993	30.652157	10/30/1979
-92.029373	35.507387	10/30/1979
-86.57136	36.696825	09/30/1980
-93.838805	30.022938	02/26/1980
-97.132479	32.579046	09/25/1979
-94.942365	30.722199	09/25/1979
-96.620744	32.330973	12/04/1979
-87.568571	33.904134	11/27/1979
-94.426614	30.766353	10/30/1979
-91.38329	33.61007	10/30/1979
-97.460945	29.515445	07/01/1980
-97.668555	29.863313	08/12/1980
-96.070721	30.397168	05/28/1980
-87.105483	37.288826	07/29/1980
-90.656645	38.506004	04/01/1980
-93.16404	35.230807	08/28/1980
-95.235631	30.105493	09/01/1981
-86.156364	34.214275	08/12/1980
-86.43503	36.951395	09/30/1980
-85.761648	33.782651	10/14/1980
-85.988924	34.009877	08/12/1980
-89.313314	37.789031	09/30/1980
-89.958081	34.622123	09/03/1980
-86.886783	36.482569	10/23/1979
-89.546376	32.7286	11/20/1979
-86.565334	34.3158	02/26/1980
-92.150163	32.501848	11/16/1982
-86.045845	35.455293	02/10/1981
-92.096269	29.97034	10/28/1980
-92.364425	30.2307	09/30/1980
-91.513567	29.812711	10/13/1980
-92.277124	30.69783	11/18/1980
-90.570608	38.410447	04/07/1981
-86.567999	35.140415	11/20/1979
-86.45029	33.971239	10/14/1980
-86.091264	33.997147	11/18/1980
-88.740381	39.06167	09/15/1981
-94.446312	34.64201	04/15/1980
-94.492649	38.81278	06/24/1980
-96.899313	31.306295	10/14/1980
-96.411065	30.150335	11/11/1980
-96.332769	30.658718	06/29/1982
-93.710773	32.031006	09/03/1980
-96.391073	35.828294	11/03/1981
-94.074012	38.99639	10/14/1980
-93.718329	39.076045	10/21/1980
-94.805651	36.418203	08/05/1980
-90.153926	38.360853	04/21/1981
-85.818398	33.7183	04/15/1980
-96.997161	28.877441	11/11/1980
-93.325516	30.232566	02/10/1981
-86.706386	34.769813	10/13/1981
-86.877488	37.414584	02/03/1981
-89.901694	39.279782	11/11/1980
-88.854223	35.667654	11/11/1980
-92.398912	34.289155	08/04/1980
-90.433984	37.78946	11/18/1980
-94.296861	37.508334	09/09/1980
-92.396949	33.833459	11/18/1980
-95.529621	35.471623	06/30/1981
-96.605302	39.84182	11/18/1980
-95.508326	39.848765	11/18/1980
-89.298183	39.558586	06/02/1981
-96.288709	29.217384	10/20/1981
-95.612415	31.73453	08/03/1982
-97.109203	37.788982	12/02/1980
-90.659502	33.457907	02/02/1982
-91.802762	33.62415	11/18/1980
-91.38306	33.601099	11/18/1980
-97.597771	40.826699	10/30/1984
-89.807025	37.924822	11/18/1980
-98.5831	33.082052	06/02/1981
-91.526961	38.332654	06/30/1981
-85.420469	32.635618	11/18/1980
-85.484816	32.588862	09/01/1981
-92.8431	38.43165	07/21/1981
-94.22097	35.485448	06/02/1981
-94.149785	36.123675	11/17/1981
-96.738535	35.985615	06/30/1981
-89.977267	38.690981	07/08/1981
-87.823281	33.856473	08/18/1981
-93.213377	39.112976	12/01/1981
-94.191628	31.806006	03/31/1981
-90.047346	32.283711	03/31/1981
-84.379288	35.505072	02/01/1983
-95.237915	37.340299	11/11/1980
-96.995748	37.226692	11/18/1980
-97.411838	37.267309	11/18/1980
-97.794721	32.433889	09/29/1981
-100.032825	37.767305	03/10/1981
-93.738632	36.08544	03/10/1981
-95.632288	35.951831	07/21/1981
-86.569876	34.705239	08/11/1981
-93.708091	32.539454	04/21/1981
-88.182856	32.592301	12/01/1981
-95.747914	39.45899	09/29/1981
-93.230183	36.96811	10/20/1981
-94.106811	34.900424	02/02/1982
-97.871911	31.120622	08/04/1981
-95.267769	38.583198	03/03/1981
-94.178879	30.348039	07/08/1981
-94.221722	30.264329	12/01/1981
-97.270427	29.087744	07/28/1981
-92.655425	30.244353	07/01/1983
-96.861279	35.70978	09/21/1982
-94.399057	35.405139	08/31/1982
-97.485904	35.624061	11/17/1981
-86.387259	35.833563	03/10/1981
-88.740315	34.255924	06/02/1981
-98.698625	35.526036	06/02/1981
-88.807537	35.550885	09/01/1981
-87.274311	34.493092	12/01/1981
-98.295955	26.196499	11/03/1981
-82.682347	34.556328	03/06/1984
-98.205526	26.190704	11/17/1981
-94.730693	32.540684	05/04/1982
-94.788633	32.532145	12/01/1981
-95.489077	30.330806	10/18/1983
-91.236667	30.27436	09/29/1981
-91.906075	30.284979	12/01/1981
-87.723038	34.496537	11/03/1981
-97.91561	29.881646	03/02/1982
-93.268628	31.121821	08/17/1982
-86.51354	35.975342	11/03/1981
-97.728272	31.09129	12/01/1981
-93.95115	29.915132	07/13/1982
-87.584828	34.245079	10/13/1981
-88.314628	36.625678	10/06/1981
-88.989636	33.896097	08/03/1982
-95.830723	32.209545	05/24/1983
-97.222158	26.071566	05/18/1982
-98.557289	34.093185	06/29/1982
-91.831899	30.214556	03/02/1982
-95.596241	33.119489	05/03/1983
-97.171163	40.147655	08/03/1982
-98.717807	37.645751	08/17/1982
-98.520468	33.939447	05/31/1982
-97.597075	33.236029	06/29/1982
-87.725656	39.005983	08/03/1982
-86.833945	33.255131	12/01/1981
-86.608861	32.818873	08/03/1982
-86.592746	34.080187	08/03/1982
-96.876843	33.071763	11/30/1982
-96.151878	33.065629	10/05/1982
-91.143552	30.648448	10/04/1983
-98.180103	26.303988	11/03/1981
-88.628286	36.724478	09/01/1981
-88.569262	37.053191	08/18/1981
-86.081362	33.435023	08/18/1981
-86.593406	34.763019	08/11/1981
-86.567313	34.61721	08/11/1981
-89.686235	38.759139	09/21/1982
-89.389294	38.610049	09/21/1982
-96.161913	29.806195	09/21/1982
-98.945702	32.759305	02/01/1984
-97.042436	28.047316	08/31/1982
-97.874347	27.531722	04/20/1982
-99.128055	29.348251	10/05/1982
-93.295618	37.155281	07/13/1982
-86.264718	37.488179	10/05/1982
-95.896767	30.956287	04/03/1984
-100.774543	29.917987	11/16/1982
-93.866701	32.449005	08/03/1982
-93.940506	29.94126	05/03/1983
-93.815733	32.388247	11/16/1982
-92.334783	38.91019	02/02/1982
-98.230656	26.288406	04/20/1982
-89.970629	36.570079	03/16/1982
-88.186146	38.076863	03/02/1982
-97.538814	25.968336	10/05/1982
-94.016113	30.143463	03/01/1983
-97.176606	27.92463	11/02/1982
-83.833218	33.599281	11/29/1983
-89.085665	39.389765	11/29/1983
-100.483477	28.700617	08/17/1982
-95.232976	29.409478	10/05/1982
-97.735385	28.391192	08/31/1982
-97.630858	27.853599	10/05/1982
-98.164182	29.151735	11/16/1982
-89.011575	35.265482	11/16/1982
-97.08993	33.228239	11/16/1982
-94.042591	33.460491	11/16/1982
-93.157503	30.158227	11/02/1982
-97.440219	27.74147	10/05/1982
-96.82203	32.591803	10/05/1982
-95.820382	36.060865	04/29/1986
-96.921694	30.180111	04/05/1983
-96.650283	28.984983	11/02/1982
-97.691933	30.540148	11/30/1982
-97.705979	31.433179	07/01/1983
-85.203953	35.23384	11/16/1982
-99.093112	28.898901	03/06/1984
-99.334036	34.665383	09/21/1982
-90.824102	39.60442	11/30/1982
-88.334949	39.476713	11/02/1982
-95.659639	29.1498	07/17/1984
-86.418075	32.460489	10/05/1982
-95.260463	38.924551	02/01/1983
-90.945194	30.086295	08/02/1983
-94.879553	39.087077	10/04/1983
-88.975299	40.148567	03/01/1983
-84.592851	30.557574	11/16/1982
-90.491604	30.502339	08/02/1983
-97.28379	27.668997	03/29/1983
-88.687963	37.076278	03/01/1983
-87.495984	38.667744	10/18/1983
-84.174401	38.013307	04/05/1983
-84.760821	33.395714	10/05/1982
-88.43677	33.528639	08/02/1983
-85.276062	38.189188	03/01/1983
-92.106343	31.674041	08/02/1983
-97.907266	36.381571	07/01/1983
-106.439181	31.89846	08/02/1984
-89.14864	31.709182	05/14/1985
-90.31335	29.446818	07/01/1983
-96.540284	29.694746	08/02/1983
-94.831348	29.263653	08/02/1983
-93.285729	30.864985	11/01/1983
-88.573152	38.650807	04/05/1983
-84.899215	38.022265	08/02/1983
-99.168143	30.060845	04/05/1983
-83.847351	34.292711	08/16/1983
-80.388897	33.956907	07/04/1981
-106.341143	31.750407	08/02/1984
-101.471059	32.229209	08/16/1983
-81.715023	33.51502	07/04/1981
-84.08839	35.039986	08/16/1983
-96.129007	32.330886	10/04/1983
-97.743945	35.391724	08/02/1983
-84.464221	34.257931	11/01/1983
-84.841483	37.745066	11/01/1983
-83.804245	34.002518	02/01/1984
-93.184715	30.231258	03/20/1984
-95.063361	29.893088	03/20/1984
-94.79262	32.012645	11/29/1983
-97.856529	28.826352	08/16/1983
-85.542865	38.299554	05/24/1983
-95.433791	29.194918	05/03/1983
-82.531243	27.447422	05/17/1983
-95.034303	29.403463	07/01/1983
-92.157314	33.058821	07/01/1983
-92.075017	30.187424	03/05/1985
-90.910032	30.234462	07/01/1983
-91.814929	29.982547	05/17/1983
-92.006586	30.219494	05/17/1983
-99.779479	32.409405	05/03/1983
-99.698151	32.478166	05/03/1983
-102.334183	31.893937	06/07/1983
-82.339114	29.676986	05/17/1983
-92.452948	31.277148	05/19/1983
-91.268275	29.681437	05/17/1983
-90.082389	30.443048	10/04/1983
-90.751615	29.610503	05/17/1983
-92.070439	30.518942	06/07/1983
-97.39406	35.464057	07/01/1983
-83.89083	36.871607	11/15/1983
-95.759419	29.480238	10/04/1983
-82.55324	28.18167	10/04/1983
-83.993228	33.97314	10/18/1983
-103.161193	32.740598	10/16/1983
-87.699188	38.727794	02/01/1984
-81.65351	29.63082	10/23/1984
-82.851271	37.119542	10/16/1984
-89.746259	30.281329	05/17/1983
-99.504215	27.553054	06/07/1983
-82.959954	32.54338	07/01/1983
-82.333624	31.20355	07/01/1983
-96.217062	38.425862	06/07/1983
-97.612864	38.785894	06/07/1983
-91.0861	41.392696	07/01/1983
-94.814994	39.802308	07/01/1983
-98.816396	32.401764	10/04/1983
-86.523268	33.557955	11/01/1983
-81.281504	28.913389	10/18/1983
-97.622242	35.464166	11/01/1983
-96.506518	32.069187	10/18/1983
-87.305445	38.051493	03/06/1984
-96.687323	30.531067	04/03/1984
-85.95489	36.262909	05/01/1984
-85.302253	37.096866	11/29/1984
-84.536161	38.231379	04/03/1984
-94.866577	32.391981	06/05/1984
-94.362485	38.931145	04/03/1984
-78.983347	33.644416	06/29/1984
-84.481259	34.087324	05/22/1984
-95.886698	36.159688	10/04/1983
-94.757144	38.919328	08/02/1984
-83.570793	35.839894	10/18/1983
-81.325172	29.881176	11/29/1983
-81.832692	27.902644	11/29/1983
-92.912278	42.013131	10/04/1983
-81.02436	29.115246	11/29/1983
-84.486699	36.534016	05/22/1984
-84.596609	38.732567	10/16/1984
-80.961787	34.94168	02/01/1984
-79.08906	33.859839	06/02/1988
-85.79877	36.178932	05/22/1984
-84.218859	31.62256	03/06/1984
-85.667819	38.089533	02/01/1984
-97.394131	32.679435	08/31/1984
-84.297613	38.389095	09/18/1984
-97.500756	37.604015	08/02/1984
-82.877349	31.527836	10/16/1984
-84.439328	33.48031	04/17/1984
-97.759918	26.223224	10/02/1984
-89.02751	37.787277	10/16/1984
-95.534165	29.96808	09/18/1984
-99.085918	40.669404	10/16/1984
-82.516054	36.509681	08/31/1984
-100.966337	35.544869	07/17/1984
-100.511042	31.428215	08/31/1984
-95.451852	30.126704	04/03/1984
-89.59527	40.541464	10/08/1985
-85.440708	31.264171	11/15/1983
-81.121658	31.998215	11/25/1983
-81.009469	32.043349	11/25/1983
-99.093809	35.015646	06/29/1984
-102.145789	32.029465	06/29/1984
-91.392187	39.7228	09/18/1984
-98.233022	32.206039	04/03/1984
-104.554009	33.62722	04/03/1984
-88.160688	39.485147	02/04/1984
-81.113508	29.25763	04/03/1984
-85.028376	33.066495	05/22/1984
-84.790607	34.203382	11/13/1984
-80.930858	33.553351	08/31/1984
-87.423001	39.102934	11/12/1985
-84.758296	33.892429	08/02/1984
-85.046286	35.460147	10/16/1984
-82.400393	36.467699	11/13/1984
-79.756106	33.877233	07/04/1981
-97.536521	35.521948	11/13/1984
-81.898675	26.681991	08/21/1984
-81.590175	34.28268	07/04/1981
-79.288983	33.387651	07/04/1981
-102.805355	32.671912	10/02/1984
-79.369733	34.435917	07/04/1981
-80.123561	32.923752	07/04/1981
-81.634898	34.707343	07/04/1981
-79.823448	34.187924	03/01/1982
-82.602127	34.813032	07/04/1981
-79.854014	32.813224	07/13/1982
-89.926293	41.222206	10/23/1984
-80.647433	34.249183	07/04/1981
-81.257133	31.997565	07/04/1981
-89.473361	41.394746	03/05/1985
-99.718408	40.873227	02/05/1985
-82.027465	34.960603	07/04/1981
-81.480436	31.214688	07/04/1981
-82.281086	34.820794	07/04/1981
-82.457108	34.85575	07/04/1981
-79.909697	34.693166	07/04/1981
-78.790067	33.764983	07/04/1981
-82.649407	34.499762	07/04/1981
-97.443413	42.023651	08/02/1984
-91.265282	42.103519	10/16/1984
-92.727286	41.733175	02/05/1985
-90.57835	38.778301	11/29/1984
-94.164167	30.12181	06/29/1984
-87.470671	36.831327	07/04/1981
-87.474035	37.326283	04/28/1987
-86.455623	35.513778	07/04/1981
-85.500953	36.144455	07/04/1981
-85.228016	34.274618	07/04/1981
-87.694946	34.745215	07/04/1981
-86.968498	34.789771	07/04/1981
-87.000151	34.557584	07/04/1981
-84.626852	35.452684	07/04/1981
-99.317811	38.898261	10/30/1984
-85.371455	37.346188	07/04/1981
-81.437188	27.466829	11/29/1984
-86.239488	35.39175	07/04/1981
-85.774544	35.680512	07/04/1981
-84.923698	34.770894	07/04/1981
-86.83404	34.15151	07/04/1981
-86.29456	36.191873	07/04/1981
-84.137882	35.798514	07/04/1981
-87.290151	36.592302	06/02/1987
-86.46892	36.377775	08/12/1981
-89.077604	36.412606	07/04/1981
-84.684002	35.867889	07/04/1981
-89.395806	36.063421	07/04/1981
-83.209443	35.942189	07/04/1981
-82.76181	36.185767	07/04/1981
-86.292442	34.359465	07/04/1981
-86.427338	35.846252	07/04/1981
-87.330182	35.2414	07/04/1981
-88.407925	35.656506	07/04/1981
-83.257458	36.216156	07/04/1981
-83.263577	31.713502	02/05/1985
-85.038579	35.982151	07/04/1981
-86.71378	36.049308	07/04/1981
-84.518445	37.131938	07/04/1981
-82.225994	36.380523	07/04/1981
-85.758957	34.438506	07/04/1981
-84.772962	37.613944	07/04/1981
-83.378637	37.554735	07/16/1985
-87.569792	37.87191	07/04/1981
-86.686504	36.306389	07/04/1981
-82.652656	37.635654	09/10/1985
-82.156669	29.172714	10/16/1984
-84.857362	35.19438	07/04/1981
-89.571109	34.361253	07/04/1981
-87.010711	32.431475	07/04/1981
-87.124443	37.719909	07/04/1981
-84.209341	37.988757	07/04/1981
-95.625259	30.070881	10/16/1984
-81.676332	28.82107	09/18/1984
-82.183832	28.20918	08/31/1984
-90.570869	34.192355	07/04/1981
-90.891844	32.306432	05/14/1985
-85.885464	37.731244	07/04/1981
-86.610512	36.208968	07/04/1981
-85.933994	37.022278	07/04/1981
-86.00753	34.671991	07/04/1981
-82.187565	28.341526	10/23/1984
-90.148769	35.506313	07/04/1981
-87.516711	33.16847	07/04/1981
-90.230223	33.529739	07/04/1981
-81.821183	28.056651	11/13/1984
-84.274684	37.733307	07/04/1981
-84.900117	38.159391	07/04/1981
-82.141655	27.014357	01/22/1985
-85.073298	33.561112	07/04/1981
-85.947451	31.780796	07/04/1981
-83.467489	36.127334	11/13/1984
-81.636881	28.060048	10/16/1984
-85.971831	32.934204	07/04/1981
-85.228152	34.043932	07/04/1981
-80.723944	32.209078	01/22/1985
-85.458379	37.825448	07/04/1981
-86.344988	33.256696	07/04/1981
-87.823794	32.503315	07/04/1981
-85.156651	32.787582	07/04/1981
-85.86491	31.33345	07/04/1981
-86.100605	35.218471	07/04/1981
-86.756304	36.982378	07/04/1981
-86.77713	35.451803	07/04/1981
-88.115125	36.063932	07/04/1981
-83.701883	36.609598	07/04/1981
-85.637269	31.436409	07/04/1981
-84.28293	35.830661	07/04/1981
-82.599458	36.555527	08/31/1984
-97.506789	35.392054	08/31/1984
-95.160827	29.999025	10/16/1984
-84.195875	33.525234	10/02/1984
-97.367657	31.074282	05/22/1984
-90.167758	38.555376	02/05/1985
-93.014482	41.697338	02/05/1985
-91.899273	42.450635	10/02/1984
-92.900837	41.397245	10/16/1984
-95.162848	29.6496	03/20/1984
-92.438952	42.485104	06/05/1984
-81.755819	32.434062	04/03/1984
-101.920175	35.161416	05/01/1984
-85.314675	34.519829	04/17/1984
-98.513495	28.939655	10/02/1984
-84.211337	32.071174	11/13/1984
-81.81595	27.569388	10/16/1984
-86.438313	37.760211	02/05/1985
-91.0278	29.944816	04/30/1985
-86.700028	33.587473	11/13/1984
-86.917763	33.467986	11/13/1984
-87.002726	33.36711	11/13/1984
-98.355244	29.590106	11/29/1984
-87.625678	34.836123	11/13/1984
-82.65833	30.181999	01/22/1985
-95.718906	29.787293	10/23/1984
-82.398849	27.049892	06/04/1985
-98.785795	38.361799	04/30/1985
-80.669938	28.357318	05/21/1985
-95.644052	29.766322	10/22/1985
-92.415191	30.494909	08/30/1985
-97.335275	41.438394	04/30/1985
-90.38243	40.973143	10/01/1985
-96.445008	41.451308	06/04/1985
-93.766695	30.093007	07/02/1985
-82.030143	26.897965	05/21/1985
-81.957075	27.999994	04/30/1985
-83.738719	33.791765	05/21/1985
-98.284862	30.528091	07/16/1985
-99.755926	29.229993	08/20/1985
-92.464337	39.752124	07/02/1985
-91.539256	40.964528	04/30/1985
-88.632646	31.685818	06/04/1985
-88.726171	41.951901	12/31/1985
-84.411854	33.578944	07/30/1985
-92.463168	35.597905	09/10/1985
-96.596584	32.790225	10/29/1985
-100.642146	40.199023	07/16/1985
-98.040833	27.767767	07/16/1985
-90.727977	41.197614	07/02/1985
-101.919464	34.970475	10/01/1985
-97.888	38.072269	07/16/1985
-81.391125	33.240378	05/14/1985
-89.128426	41.358221	04/01/1986
-91.159164	40.812974	09/10/1985
-88.054678	38.731919	08/30/1985
-100.796101	37.068206	07/02/1985
-81.896965	28.843305	09/10/1985
-94.873872	40.330534	10/08/1985
-89.662927	42.603531	07/16/1985
-89.86413	30.789718	08/30/1985
-98.082921	32.813761	08/30/1985
-90.440171	38.508079	09/02/1983
-106.75364	32.300289	08/30/1985
-97.249918	32.840649	10/29/1985
-95.45712	29.047464	11/12/1985
-85.831604	33.600442	08/30/1985
-93.262574	43.148346	06/04/1985
-81.84722	27.210839	07/16/1985
-101.973451	35.842866	07/16/1985
-98.982824	31.728623	10/08/1985
-80.829876	27.221784	07/16/1985
-92.620587	38.148015	08/30/1985
-90.46472	31.578971	10/08/1985
-81.46003	28.303964	10/08/1985
-85.805595	30.177957	12/31/1985
-81.940701	26.622066	07/30/1985
-92.740711	38.957415	08/30/1985
-103.196483	34.43615	10/16/1985
-101.794377	35.221924	01/21/1986
-97.071113	36.738557	11/12/1985
-106.553852	35.146124	07/02/1985
-84.650325	37.543251	08/19/1986
-108.152909	36.764769	07/02/1985
-95.876187	32.543228	08/30/1985
-86.370236	39.712772	10/22/1985
-105.985311	35.658525	07/02/1985
-89.689464	41.76369	01/21/1986
-106.586238	35.075706	07/02/1985
-88.177801	38.090322	10/08/1985
-94.966004	40.129338	11/12/1985
-106.532327	35.078253	07/02/1985
-81.591788	30.755437	07/30/1985
-91.54063	36.523399	10/01/1985
-96.101183	36.136843	01/21/1986
-91.090842	30.460601	11/12/1985
-91.128397	41.777435	10/01/1985
-104.606895	38.307176	10/01/1985
-84.197803	31.233138	09/10/1985
-88.415712	41.306802	09/02/1986
-93.086149	37.640088	10/01/1985
-96.908488	29.903939	10/15/1985
-90.136839	42.972854	09/17/1985
-89.994489	34.962973	11/12/1985
-95.739917	30.218086	02/04/1986
-106.604189	35.111084	07/02/1985
-105.612315	33.325956	03/04/1986
-88.836073	41.371577	12/31/1985
-88.225461	30.670152	08/20/1985
-86.480694	40.278847	01/21/1986
-84.533129	33.566986	01/21/1986
-85.176914	33.771718	10/01/1985
-81.285697	28.759509	10/01/1985
-84.20354	30.885569	11/12/1985
-81.554593	27.894178	11/12/1985
-81.303446	29.028975	12/31/1985
-101.900827	33.529164	11/12/1985
-81.599724	31.821608	12/31/1985
-85.395546	33.178275	10/15/1985
-82.403806	32.162321	10/29/1985
-98.170843	29.665781	01/21/1986
-88.147577	30.6433	06/30/1988
-103.675246	41.856223	03/05/1986
-104.228969	32.42151	03/05/1986
-105.893671	37.480201	01/21/1986
-86.937938	38.428204	10/22/1985
-91.702391	37.00161	10/01/1985
-95.286164	29.570863	04/01/1986
-105.584679	36.38711	03/04/1986
-91.383879	31.57559	11/12/1985
-90.132128	32.422311	04/29/1986
-93.490726	31.566293	04/29/1986
-80.564546	35.010727	03/04/1986
-84.130642	34.18401	10/29/1985
-86.036453	36.520788	12/31/1985
-96.955873	32.836697	11/11/1986
-81.223628	33.995801	11/12/1985
-91.151091	43.048959	02/04/1986
-97.618877	26.455624	02/04/1986
-85.742663	39.523578	03/18/1986
-97.101632	40.876239	04/01/1986
-94.126925	42.446058	03/11/1986
-89.235132	31.349247	02/03/1987
-94.346123	38.25693	06/17/1986
-83.911003	30.754288	03/11/1986
-81.275669	28.568367	05/20/1986
-89.653021	41.812719	02/03/1987
-93.582537	41.704854	03/11/1986
-97.6046	34.849973	06/03/1986
-95.890785	36.101775	08/05/1986
-91.402688	38.07381	07/01/1986
-97.03667	32.675913	09/02/1986
-102.896744	30.893925	03/05/1986
-103.486503	31.408993	05/20/1986
-83.318745	30.828561	06/03/1986
-100.232881	34.437014	06/03/1986
-97.949301	29.551237	03/18/1986
-86.820036	39.64618	03/04/1986
-90.266577	32.290755	04/29/1986
-87.683161	30.379647	01/21/1986
-105.130679	40.153433	06/10/1986
-108.759967	35.530271	07/15/1986
-83.938435	33.037099	04/29/1986
-81.427674	28.452324	07/15/1986
-89.96473	29.942926	06/10/1986
-88.414104	42.593056	03/04/1986
-90.091807	29.874633	06/10/1986
-89.985988	30.035044	06/10/1986
-91.755455	43.288427	03/18/1986
-93.883535	36.675692	07/08/1986
-95.572585	29.641819	08/05/1986
-89.382146	31.321602	08/12/1986
-99.332852	31.107129	07/08/1986
-94.351081	32.53042	04/01/1986
-86.616286	30.424132	06/17/1986
-106.023766	38.522664	03/05/1986
-86.127899	38.23503	06/17/1986
-85.997986	40.037709	04/29/1986
-103.233949	40.625061	03/11/1986
-82.294119	27.981543	03/11/1986
-98.144313	27.226112	09/16/1986
-101.749136	34.160959	08/05/1986
-80.313322	27.312492	08/19/1986
-86.23494	32.328324	07/01/1986
-80.443548	27.638695	09/02/1986
-84.288028	33.255931	07/15/1986
-89.068155	41.937222	09/30/1986
-87.908156	30.625383	07/15/1986
-90.956768	30.473562	09/30/1986
-88.557141	39.140009	11/18/1986
-84.546922	34.035019	09/02/1986
-86.186031	32.382347	07/01/1986
-97.166926	31.524137	09/02/1986
-97.451763	32.745588	07/15/1986
-82.270216	27.893618	09/30/1986
-81.533324	28.551688	07/15/1986
-81.341471	28.660587	09/30/1986
-86.56858	30.725954	06/17/1986
-101.936832	33.588168	07/01/1986
-90.707898	37.075051	02/03/1987
-96.606247	33.670282	08/19/1986
-81.402475	35.724135	05/12/1987
-96.863931	32.647579	09/02/1986
-89.783594	35.204443	09/02/1986
-96.07842	30.098339	09/02/1986
-83.761721	31.188796	09/09/1986
-105.044586	40.405701	08/12/1986
-81.509517	28.661943	09/02/1986
-80.582577	28.138661	08/19/1986
-90.157592	41.431191	09/16/1986
-82.14107	28.66866	09/09/1986
-82.45391	29.062286	09/09/1986
-90.496509	30.072713	02/03/1987
-104.52247	37.138711	09/16/1986
-97.797277	32.760557	01/13/1987
-106.315139	31.682956	02/03/1987
-90.495806	44.01918	09/16/1986
-108.56326	37.348912	09/09/1986
-89.092335	30.422517	11/18/1986
-89.665678	30.509763	11/18/1986
-90.88896	43.567009	10/28/1986
-97.467863	32.817009	02/03/1987
-80.376079	27.420192	08/18/1987
-80.651566	28.035265	11/11/1986
-96.416668	33.997972	11/11/1986
-91.726477	32.180695	11/18/1986
-97.040117	37.09263	01/13/1987
-90.83239	43.938935	11/18/1986
-104.715874	40.386162	11/18/1986
-88.694559	32.365519	11/18/1986
-93.241193	44.09559	11/18/1986
-104.863626	39.406288	11/18/1986
-106.092421	39.592472	02/03/1987
-81.862277	26.528135	03/31/1987
-82.475397	28.261003	01/13/1987
-90.208678	30.00529	11/11/1986
-87.117648	30.603297	09/16/1986
-88.124947	30.68726	11/11/1986
-97.629879	38.368181	11/18/1986
-82.67598	28.20647	02/03/1987
-86.067761	39.500161	02/03/1987
-86.771515	39.286987	02/03/1987
-97.480008	25.921519	02/03/1987
-87.166125	39.034976	03/03/1987
-88.481816	41.661417	02/03/1987
-82.614855	27.462454	03/31/1987
-92.475665	42.725521	03/03/1987
-83.760594	31.961499	10/28/1986
-105.078812	40.52262	03/03/1987
-93.460031	37.129429	03/31/1987
-79.820402	34.956578	11/18/1986
-81.231698	32.280037	11/11/1986
-88.810313	43.485626	05/12/1987
-87.431132	39.657485	03/03/1987
-94.372645	39.052102	11/18/1986
-106.507436	31.790205	03/31/1987
-90.816236	29.805868	04/28/1987
-80.224356	33.697117	03/03/1987
-93.35521	43.701624	06/02/1987
-91.136266	38.805917	05/12/1987
-95.351221	32.355401	06/16/1987
-80.878921	36.692182	03/31/1987
-82.336412	32.596106	04/28/1987
-90.471909	31.26065	04/28/1987
-86.507375	38.861016	03/31/1987
-80.608527	35.399801	06/30/1987
-89.587469	40.682138	05/12/1987
-82.576402	28.803717	06/30/1987
-80.796404	34.733475	03/03/1987
-89.891967	35.076782	08/04/1987
-85.668294	30.189716	04/28/1987
-85.86253	38.958104	06/16/1987
-81.531857	35.275438	06/30/1987
-81.948285	34.95444	08/04/1987
-81.834064	35.239359	03/03/1987
-80.154073	33.037002	04/28/1987
-93.507358	44.078508	03/03/1987
-80.621111	36.473262	06/02/1987
-95.650383	29.879146	08/04/1987
-97.99098	26.173408	05/12/1987
-97.337895	30.108125	05/12/1987
-97.227753	34.735654	09/01/1987
-95.271647	32.307169	06/16/1987
-99.857177	28.521258	05/12/1987
-84.337241	33.591247	09/01/1987
-84.162354	36.726324	07/14/1987
-101.948137	32.756018	01/13/1987
-102.359177	33.593923	01/13/1987
-87.837913	33.64552	02/03/1987
-85.371422	38.397682	02/03/1987
-96.640943	32.983852	09/01/1987
-97.279563	35.548567	02/03/1987
-85.912539	32.547735	02/03/1987
-107.866381	38.447911	07/14/1987
-89.481035	32.355893	10/01/1987
-82.589131	31.865579	09/01/1987
-95.155878	29.552155	10/01/1987
-85.879629	31.036624	09/01/1987
-81.526117	35.925187	08/04/1987
-93.612239	33.683168	08/18/1987
-88.527354	30.377932	10/01/1987
-96.939882	29.461416	06/30/1987
-80.483098	27.799123	10/20/1987
-89.08728	32.300145	08/04/1987
-84.493207	34.658482	04/28/1987
-90.073819	38.866233	10/01/1987
-83.434702	31.431396	08/18/1987
-98.161657	31.063839	04/28/1987
-89.820169	33.771253	11/17/1987
-87.410626	36.581569	06/02/1987
-83.613281	32.862333	04/28/1987
-84.215648	30.428121	08/18/1987
-99.963883	31.718399	06/30/1987
-81.032	29.214181	10/01/1987
-82.396046	36.359146	10/20/1987
-82.387263	29.616668	09/01/1987
-81.627866	30.175529	11/17/1987
-81.759439	30.302996	06/30/1988
-81.310249	28.505092	12/31/1987
-82.715732	28.283122	09/01/1987
-81.316621	28.253382	10/20/1987
-80.218903	27.152828	11/17/1987
-88.974661	30.401959	12/31/1987
-85.676009	35.045702	08/04/1987
-81.755434	30.248367	10/01/1987
-86.26691	31.285368	10/01/1987
-102.256832	33.181049	11/03/1987
-88.129339	40.312446	03/08/1988
-94.482273	39.002371	10/01/1987
-80.586678	35.926433	10/20/1987
-79.421762	35.159951	08/18/1987
-96.6905	28.64339	11/17/1987
-97.332883	37.649723	08/04/1987
-87.989725	34.124334	12/31/1987
-86.214624	32.507029	10/20/1987
-91.12751	30.577837	12/31/1987
-95.477402	29.999485	10/20/1987
-82.387964	28.853645	10/20/1987
-92.218443	34.789263	12/31/1987
-91.558798	31.617641	06/30/1987
-92.68802	30.767135	06/30/1987
-91.383031	32.860999	06/30/1987
-91.759108	32.473295	06/30/1987
-92.398229	32.772026	09/01/1987
-82.87653	34.4429	11/17/1987
-84.328263	32.898112	08/18/1987
-84.133433	37.081952	11/03/1987
-92.106046	35.86721	02/02/1988
-87.528674	35.560503	11/03/1987
-97.966809	34.526544	11/17/1987
-96.694588	33.057085	12/31/1987
-96.616019	32.734107	11/17/1987
-81.762511	26.123173	11/03/1987
-94.580728	39.227834	11/03/1987
-83.233763	33.07989	08/04/1987
-83.217353	34.51031	10/01/1987
-83.003419	34.684647	11/03/1987
-86.943139	34.444765	10/01/1987
-88.951906	40.514044	11/17/1987
-98.751162	29.817793	11/17/1987
-80.07427	34.96821	11/17/1988
-92.06158	31.102515	03/01/1988
-97.785946	30.471648	11/17/1988
-81.984669	34.493712	02/02/1988
-81.191223	35.933935	02/02/1988
-79.792197	35.695567	06/14/1988
-80.178221	35.34695	03/01/1988
-80.058599	34.355955	03/01/1988
-91.242301	30.451138	06/02/1988
-95.237063	29.691053	04/12/1988
-89.506982	43.050487	02/02/1988
-83.478557	38.188855	02/02/1988
-83.952557	38.07306	02/02/1988
-85.769738	39.813432	06/30/1988
-85.799146	38.685061	03/01/1988
-82.811056	32.979537	04/12/1988
-81.212883	34.985509	05/03/1988
-79.996172	33.192502	06/30/1988
-92.541274	36.221181	02/02/1988
-98.539898	33.877425	11/01/1988
-109.737448	32.839778	05/03/1988
-96.300135	30.595716	05/03/1988
-94.730035	39.11676	11/17/1987
-96.175305	43.056959	03/08/1988
-83.722157	32.810237	11/17/1987
-98.853189	30.258167	04/12/1988
-79.00132	34.665323	06/30/1988
-80.857017	35.588962	08/16/1988
-85.627726	39.004464	05/03/1988
-86.922671	33.580917	03/01/1988
-83.600649	36.442124	06/02/1988
-84.892837	39.074556	06/30/1988
-90.613166	38.798892	06/30/1988
-87.153191	38.652967	05/03/1988
-90.017876	29.91305	03/01/1988
-81.154297	34.075938	05/03/1988
-85.934685	37.832012	09/01/1988
-78.620677	34.632544	06/02/1988
-87.861915	42.58844	08/16/1988
-89.808853	31.242931	03/01/1988
-93.459595	32.984858	05/03/1988
-85.869157	38.103769	05/03/1988
-82.505676	27.392502	06/30/1988
-81.43874	30.287922	08/16/1988
-81.565265	30.287078	02/02/1988
-87.738637	31.946759	04/12/1988
-111.668196	35.176646	11/01/1988
-89.234982	42.917852	04/12/1988
-90.486926	38.596596	10/03/1988
-97.105075	32.860413	03/01/1988
-82.526957	35.51265	05/03/1988
-85.480849	39.358548	03/01/1988
-84.493811	33.909893	06/02/1988
-81.226482	29.552936	03/01/1988
-81.097876	33.983075	03/01/1988
-84.12279	33.825188	05/03/1988
-97.692529	30.338447	06/02/1988
-94.779464	30.076212	06/30/1988
-95.408954	37.940424	04/03/1989
-90.377297	38.725688	08/16/1988
-83.722124	36.599573	09/01/1988
-84.310404	37.567288	05/03/1988
-79.101137	36.043814	06/29/1989
-89.828701	31.830886	08/16/1988
-92.093178	32.524721	11/17/1988
-84.2532	36.006049	08/16/1988
-89.384427	30.30405	11/01/1988
-91.459259	30.683533	02/02/1989
-77.807998	35.979832	09/01/1988
-98.474104	29.219759	10/03/1988
-106.510843	39.631349	04/07/1988
-86.826193	33.648243	08/16/1988
-89.816915	44.391048	08/16/1988
-82.355696	27.712303	06/02/1988
-93.249437	30.194488	09/01/1988
-82.122399	30.274749	11/01/1988
-91.141813	30.418521	05/03/1988
-85.591254	30.126448	05/03/1988
-105.14253	39.766118	05/03/1988
-81.245914	35.436801	02/02/1989
-84.564929	37.899343	10/03/1988
-88.613256	42.399606	08/16/1988
-88.100424	30.802088	09/01/1988
-82.505179	28.533727	10/03/1988
-101.054974	39.357537	02/02/1989
-84.94353	34.480646	11/01/1988
-96.861147	32.95331	10/03/1988
-83.326145	35.206952	11/01/1988
-111.731375	32.87956	10/11/1988
-81.705537	30.454316	11/01/1988
-81.458197	28.541517	04/03/1989
-97.413327	37.673205	10/03/1988
-87.275034	30.527016	11/17/1988
-84.227507	30.54345	11/17/1988
-87.192532	30.495159	06/02/1988
-81.753822	30.150295	06/30/1988
-86.971707	36.211374	11/17/1988
-82.094243	33.509409	11/10/1988
-88.064573	42.379367	12/31/1988
-86.827309	33.570983	04/03/1989
-110.018531	34.200464	11/01/1988
-97.457606	31.080821	10/03/1988
-82.788771	37.822039	09/01/1988
-84.821359	36.868632	10/11/1988
-98.33469	29.269288	10/03/1988
-77.947489	35.386479	08/16/1988
-78.648844	35.324524	08/16/1988
-78.955791	35.080055	12/31/1988
-83.718843	40.105996	02/02/1989
-110.257285	31.56119	10/03/1988
-90.52857	41.577483	06/29/1989
-82.438569	35.348299	11/01/1988
-79.897961	36.695814	02/02/1989
-82.330919	34.906048	11/01/1988
-81.971875	28.086565	02/02/1989
-85.671364	38.137806	11/17/1988
-83.185216	37.255658	04/03/1989
-89.812981	35.050428	04/03/1989
-100.466312	31.487291	02/02/1989
-97.75659	30.219507	12/31/1988
-97.109645	31.595804	12/31/1988
-79.454058	34.786232	05/02/1989
-88.124505	41.517082	04/03/1989
-99.802918	32.958456	02/02/1989
-84.106084	36.972314	02/02/1989
-88.597836	30.902315	02/02/1989
-78.879287	35.110945	12/31/1988
-85.444903	39.629712	11/17/1988
-87.47404	37.980505	11/17/1988
-83.761406	40.330017	11/17/1988
-90.315626	38.770847	06/29/1989
-91.127482	30.563706	11/01/1988
-89.245032	43.176767	02/02/1989
-78.72323	34.301671	02/02/1989
-85.592357	38.21628	11/17/1988
-81.959665	33.500641	11/01/1988
-88.741302	32.371364	02/02/1989
-100.919169	32.697359	04/03/1989
-88.759737	42.834711	04/03/1989
-86.472556	40.065072	04/03/1989
-87.748421	43.750283	08/01/1989
-90.809007	44.308727	02/02/1989
-97.301108	36.289667	11/01/1988
-95.412712	29.915896	05/02/1989
-108.519331	39.077336	06/01/1989
-81.884693	34.972299	02/02/1989
-97.050511	39.820755	11/01/1988
-82.12792	29.920969	02/02/1989
-85.054388	32.507045	04/03/1989
-92.464355	41.373962	04/03/1989
-80.941509	33.962376	02/02/1989
-79.499616	36.069131	04/03/1989
-78.985502	36.38191	04/03/1989
-83.782894	39.451879	02/02/1989
-81.189998	36.151443	05/02/1989
-110.84003	32.235564	06/01/1989
-80.407733	37.129021	04/03/1989
-82.062881	33.421829	04/03/1989
-85.655301	40.409026	04/03/1989
-96.771418	34.089324	02/02/1989
-97.628088	26.1206	02/02/1989
-82.854477	29.481907	05/02/1989
-77.391579	34.778272	08/01/1989
-111.972124	34.702587	02/02/1989
-77.03692	35.042382	02/02/1989
-79.955081	37.208655	06/29/1989
-82.192656	36.604542	08/01/1989
-97.688309	30.639526	08/01/1989
-85.856637	41.270299	11/27/1990
-88.998007	42.718571	06/29/1989
-105.959542	32.887696	02/02/1989
-87.85106	41.162185	05/02/1989
-80.088213	37.288548	06/01/1989
-87.382242	39.362261	05/02/1989
-84.951034	32.519738	10/31/1989
-78.96998	35.173415	06/29/1989
-98.490966	29.35671	08/31/1989
-83.990785	34.085243	06/01/1989
-104.795691	41.160256	12/30/1989
-87.366683	44.845456	06/01/1989
-82.471512	35.592892	10/01/1990
-84.026748	36.007088	08/31/1989
-83.927956	36.08198	08/31/1989
-83.843969	35.90835	01/31/1990
-78.308707	35.520564	08/31/1989
-80.259837	35.791304	12/30/1989
-89.612751	40.727759	09/01/1992
-110.941468	31.334163	06/01/1989
-110.964739	32.286581	06/01/1989
-98.384258	40.917068	06/01/1989
-85.375798	38.782063	04/03/1989
-110.701367	35.040802	06/01/1989
-86.328834	40.758513	11/16/1989
-84.147126	40.753522	04/03/1989
-84.207458	40.287467	04/03/1989
-96.426966	42.463789	08/31/1989
-84.586301	40.874125	08/01/1989
-110.814833	33.412555	08/31/1989
-79.378711	37.832104	08/01/1989
-81.499959	36.844759	08/01/1989
-80.852671	36.287033	04/03/1989
-84.914431	32.466979	06/29/1989
-80.949238	34.07222	06/29/1989
-84.168165	33.703045	06/29/1989
-87.636753	37.981343	10/31/1989
-90.269438	30.022844	06/01/1989
-79.047649	38.138311	12/30/1989
-78.910646	36.733835	10/02/1989
-88.755581	30.408381	10/31/1989
-98.437325	29.492176	08/31/1989
-77.899465	34.14611	04/30/1990
-80.256426	26.167052	08/31/1989
-79.184428	37.35125	11/05/1991
-81.168285	37.78236	09/16/1989
-77.995684	34.743301	11/16/1989
-90.178711	29.953684	10/02/1989
-77.009596	35.53222	11/16/1989
-76.810855	34.734058	10/02/1989
-86.412955	39.430371	10/02/1989
-108.254635	32.78725	10/31/1989
-80.702762	32.932065	06/29/1989
-80.038463	32.935431	08/31/1989
-81.133037	37.992732	01/31/1990
-96.364553	42.436082	10/31/1989
-86.455797	30.387372	11/16/1989
-83.47762	33.580339	10/31/1989
-114.349401	34.503014	01/31/1990
-92.725946	44.961066	10/31/1989
-89.655571	45.177947	08/01/1989
-83.670089	32.618309	10/02/1989
-83.564278	38.781268	10/02/1989
-111.323008	34.240652	11/16/1989
-114.597209	35.082802	01/31/1990
-85.645855	38.995108	06/29/1989
-78.654226	35.724834	01/31/1990
-84.115283	33.90398	01/31/1990
-81.419083	28.669124	10/31/1989
-85.185419	30.727988	11/16/1989
-86.593257	36.306402	01/31/1990
-88.267322	42.351653	12/30/1989
-85.803025	41.566163	10/31/1989
-77.387431	35.574413	01/31/1990
-105.225561	35.621497	12/30/1989
-111.573308	33.415057	07/02/1991
-82.102533	34.242563	10/02/1989
-80.735366	32.422364	11/16/1989
-103.532661	38.004822	01/31/1990
-81.13197	35.26061	01/31/1990
-88.640855	40.873665	12/31/1990
-80.206447	26.276007	04/02/1990
-85.266904	41.452299	12/30/1989
-93.879694	42.037386	12/30/1989
-82.687955	27.845205	06/27/1990
-81.02859	29.175314	02/24/1990
-78.052872	34.04081	08/01/1989
-92.669637	41.296205	10/31/1989
-88.047822	42.963921	12/30/1989
-89.155825	38.532973	10/01/1990
-89.784039	43.586625	12/30/1989
-106.658895	35.206571	01/31/1990
-80.114015	26.572005	01/31/1990
-79.555858	37.338515	10/31/1989
-83.4428	33.918034	06/27/1990
-88.205866	41.764204	10/29/1990
-83.962036	34.44887	01/31/1990
-88.084077	42.182522	01/31/1990
-95.930989	28.988286	08/01/1990
-78.15587	39.177177	01/31/1990
-84.176881	39.528671	12/30/1989
-84.359891	30.459042	01/31/1990
-95.562281	29.790801	04/02/1990
-84.237507	40.054446	04/02/1990
-110.981961	31.908755	01/31/1990
-105.539498	41.304128	04/02/1990
-88.300031	42.226183	04/30/1990
-106.768666	34.694902	01/31/1990
-95.121512	43.422903	01/31/1990
-84.132023	41.400551	01/31/1990
-112.408926	34.551383	11/04/1991
-89.953702	38.592589	01/31/1990
-85.135667	41.127296	01/31/1990
-88.14475	42.012885	01/31/1990
-89.783974	40.41141	01/31/1990
-84.666764	43.406959	01/31/1990
-85.237614	43.184442	04/02/1990
-77.389577	37.246442	03/01/1994
-85.493428	41.170417	01/31/1990
-82.630676	38.444854	11/16/1989
-82.945613	39.600842	10/31/1989
-84.766749	43.575388	12/30/1989
-83.171563	41.287146	01/31/1990
-88.582617	44.016083	12/30/1989
-91.46341	40.410076	01/31/1990
-85.559466	44.280663	04/02/1990
-84.536412	40.556563	01/31/1990
-94.371259	41.048007	01/31/1990
-80.142493	26.651389	05/30/1990
-101.485526	36.706371	04/02/1990
-113.063424	37.677319	08/01/1990
-113.519965	37.128468	05/30/1990
-112.295464	40.556526	05/30/1990
-84.307003	39.292076	04/02/1990
-111.462504	36.902193	01/30/1991
-84.269136	39.094617	04/02/1990
-81.531024	30.166494	02/24/1990
-91.239669	43.897003	08/01/1990
-92.104103	46.695376	10/01/1991
-82.349131	40.845423	05/30/1990
-87.698842	44.077075	08/01/1990
-81.721941	38.820828	06/27/1990
-90.438882	40.002855	01/31/1990
-80.782615	35.098797	01/31/1990
-88.089919	44.524015	01/31/1990
-91.332439	39.935265	02/24/1990
-97.171391	32.762471	05/30/1990
-110.957267	41.262526	08/01/1990
-108.38059	43.035571	06/27/1990
-85.254061	34.954443	12/03/1990
-86.145329	39.661467	05/30/1990
-98.38277	40.626275	05/30/1990
-109.24969	41.57864	08/01/1990
-86.647564	31.84826	04/30/1990
-83.917876	39.690211	08/01/1990
-80.93041	35.142541	08/01/1990
-79.427971	36.594637	10/29/1990
-84.132733	36.369531	10/01/1990
-84.934857	36.43371	10/01/1990
-89.919482	34.304572	08/01/1990
-85.15461	35.032032	06/27/1990
-95.04249	45.09618	06/27/1990
-88.743448	44.402267	08/01/1990
-92.886164	44.738657	11/14/1990
-93.950659	44.166887	11/05/1991
-114.598826	32.674933	12/31/1990
-91.707978	41.295979	05/30/1990
-85.764463	38.310958	06/27/1990
-80.949823	38.285941	10/29/1990
-82.523061	38.40944	09/11/1991
-87.026369	41.453694	09/04/1990
-84.958789	40.161794	10/01/1991
-119.796745	39.185760	10/01/1991